{"batch/loss": 0.1513345092535019, "batch/cross entropy": 0.1513345092535019, "batch/f1_score": 0.9678592681884766, "batch/accuracy": 0.9405390024185181, "batch/precision": 0.9478315711021423, "batch/recall": 0.989028811454773, "batch/auc": 0.9411705136299133, "batch/prc": 0.9932763576507568, "batch/batch_step": 229675, "batch/learning_rate": 9.999999747378752e-05, "_timestamp": 1694273210.849097, "_runtime": 1075.904217004776, "_step": 45979, "epoch/loss": 0.15133784711360931, "epoch/cross entropy": 0.15133784711360931, "epoch/f1_score": 0.9678575992584229, "epoch/accuracy": 0.9405369758605957, "epoch/precision": 0.9478313326835632, "epoch/recall": 0.9890267848968506, "epoch/auc": 0.9411669373512268, "epoch/prc": 0.9932758212089539, "epoch/val_loss": 0.2213001698255539, "epoch/val_cross entropy": 0.2213001698255539, "epoch/val_f1_score": 0.9496124982833862, "epoch/val_accuracy": 0.9065633416175842, "epoch/val_precision": 0.982944130897522, "epoch/val_recall": 0.9188358783721924, "epoch/val_auc": 0.9071274995803833, "epoch/val_prc": 0.9959592819213867, "epoch/epoch": 43, "epoch/learning_rate": 9.999999747378752e-05, "_wandb": {"runtime": 1078}}