{"batch/loss": 0.15284578502178192, "batch/cross entropy": 0.15284578502178192, "batch/f1_score": 0.9674903750419617, "batch/accuracy": 0.9397886395454407, "batch/precision": 0.9469003081321716, "batch/recall": 0.9892413020133972, "batch/auc": 0.9402356147766113, "batch/prc": 0.9931286573410034, "batch/batch_step": 193135, "batch/learning_rate": 9.999999747378752e-05, "_timestamp": 1694269561.968703, "_runtime": 868.5971419811249, "_step": 38664, "epoch/loss": 0.152837872505188, "epoch/cross entropy": 0.152837872505188, "epoch/f1_score": 0.9674952626228333, "epoch/accuracy": 0.9397941827774048, "epoch/precision": 0.9469049572944641, "epoch/recall": 0.9892426133155823, "epoch/auc": 0.9402373433113098, "epoch/prc": 0.9931294918060303, "epoch/val_loss": 0.11527157574892044, "epoch/val_cross entropy": 0.11527157574892044, "epoch/val_f1_score": 0.9805994629859924, "epoch/val_accuracy": 0.9621527791023254, "epoch/val_precision": 0.9642606377601624, "epoch/val_recall": 0.9976425170898438, "epoch/val_auc": 0.9118139147758484, "epoch/val_prc": 0.9961709976196289, "epoch/epoch": 36, "epoch/learning_rate": 9.999999747378752e-05, "_wandb": {"runtime": 871}}