{"batch/loss": 0.16140612959861755, "batch/cross entropy": 0.16140612959861755, "batch/f1_score": 0.9661804437637329, "batch/accuracy": 0.937369704246521, "batch/precision": 0.9456742405891418, "batch/recall": 0.9878557324409485, "batch/auc": 0.9331015348434448, "batch/prc": 0.9921823143959045, "batch/batch_step": 172255, "batch/learning_rate": 9.999999747378752e-05, "_timestamp": 1694271843.8676999, "_runtime": 752.0518279075623, "_step": 34484, "epoch/loss": 0.16141000390052795, "epoch/cross entropy": 0.16141000390052795, "epoch/f1_score": 0.9661776423454285, "epoch/accuracy": 0.9373665452003479, "epoch/precision": 0.9456712007522583, "epoch/recall": 0.9878554940223694, "epoch/auc": 0.9331011772155762, "epoch/prc": 0.9921823143959045, "epoch/val_loss": 0.12700894474983215, "epoch/val_cross entropy": 0.12700894474983215, "epoch/val_f1_score": 0.9806853532791138, "epoch/val_accuracy": 0.9622359871864319, "epoch/val_precision": 0.9622704386711121, "epoch/val_recall": 0.9999596476554871, "epoch/val_auc": 0.9083876013755798, "epoch/val_prc": 0.9960150122642517, "epoch/epoch": 32, "epoch/learning_rate": 9.999999747378752e-05, "_wandb": {"runtime": 754}}