{"batch/loss": 0.14959610998630524, "batch/cross entropy": 0.14959610998630524, "batch/f1_score": 0.9686312079429626, "batch/accuracy": 0.941857099533081, "batch/precision": 0.9472131729125977, "batch/recall": 0.991286039352417, "batch/auc": 0.9408155679702759, "batch/prc": 0.993140459060669, "batch/batch_step": 167035, "batch/learning_rate": 0.0010000000474974513, "_timestamp": 1694268057.341345, "_runtime": 745.2044930458069, "_step": 33439, "epoch/loss": 0.14959825575351715, "epoch/cross entropy": 0.14959825575351715, "epoch/f1_score": 0.9686318039894104, "epoch/accuracy": 0.9418578743934631, "epoch/precision": 0.9472129344940186, "epoch/recall": 0.9912869930267334, "epoch/auc": 0.9408153891563416, "epoch/prc": 0.9931398630142212, "epoch/val_loss": 0.11150794476270676, "epoch/val_cross entropy": 0.11150794476270676, "epoch/val_f1_score": 0.9807296991348267, "epoch/val_accuracy": 0.9623302817344666, "epoch/val_precision": 0.9625048637390137, "epoch/val_recall": 0.9997982382774353, "epoch/val_auc": 0.9104216694831848, "epoch/val_prc": 0.9960725903511047, "epoch/epoch": 31, "epoch/learning_rate": 0.0010000000474974513, "_wandb": {"runtime": 748}}