{"batch/loss": 0.34349748492240906, "batch/cross entropy": 0.34349748492240906, "batch/f1_score": 0.8954024910926819, "batch/accuracy": 0.8353542685508728, "batch/precision": 0.8729895949363708, "batch/recall": 0.9197700619697571, "batch/auc": 0.887378990650177, "batch/prc": 0.964691162109375, "batch/batch_step": 56255, "batch/learning_rate": 9.999999747378752e-05, "_timestamp": 1694710815.5437791, "_runtime": 184.066721200943, "_step": 11348, "epoch/loss": 0.34353020787239075, "epoch/cross entropy": 0.34353020787239075, "epoch/f1_score": 0.8953739404678345, "epoch/accuracy": 0.8352919220924377, "epoch/precision": 0.8729464411735535, "epoch/recall": 0.9197441935539246, "epoch/auc": 0.8873346447944641, "epoch/prc": 0.9646788239479065, "epoch/val_loss": 0.2097339630126953, "epoch/val_cross entropy": 0.2097339630126953, "epoch/val_f1_score": 0.9505789279937744, "epoch/val_accuracy": 0.9081099033355713, "epoch/val_precision": 0.9793636798858643, "epoch/val_recall": 0.9237395524978638, "epoch/val_auc": 0.8930833339691162, "epoch/val_prc": 0.9949337244033813, "epoch/epoch": 96, "epoch/learning_rate": 9.999999747378752e-05}