{"batch/loss": 0.15239140391349792, "batch/cross entropy": 0.15239140391349792, "batch/f1_score": 0.9674190282821655, "batch/accuracy": 0.9397661685943604, "batch/precision": 0.9479689598083496, "batch/recall": 0.9879694581031799, "batch/auc": 0.9421737194061279, "batch/prc": 0.9933689832687378, "batch/batch_step": 193135, "batch/learning_rate": 9.999999747378752e-05, "_timestamp": 1694252741.223913, "_runtime": 217.32084894180298, "_step": 38664, "epoch/loss": 0.15239204466342926, "epoch/cross entropy": 0.15239204466342926, "epoch/f1_score": 0.9674171209335327, "epoch/accuracy": 0.9397642016410828, "epoch/precision": 0.947968602180481, "epoch/recall": 0.9879675507545471, "epoch/auc": 0.9421752095222473, "epoch/prc": 0.9933691024780273, "epoch/val_loss": 0.13129167258739471, "epoch/val_cross entropy": 0.13129167258739471, "epoch/val_f1_score": 0.9789601564407349, "epoch/val_accuracy": 0.9591745138168335, "epoch/val_precision": 0.9675551056861877, "epoch/val_recall": 0.9907947778701782, "epoch/val_auc": 0.9100404977798462, "epoch/val_prc": 0.9960871934890747, "epoch/epoch": 36, "epoch/learning_rate": 9.999999747378752e-05, "_wandb": {"runtime": 217}}