{"batch/loss": 0.14893238246440887, "batch/cross entropy": 0.14893238246440887, "batch/accuracy": 0.9413373470306396, "batch/precision": 0.948942244052887, "batch/recall": 0.9886663556098938, "batch/auc": 0.9433788657188416, "batch/prc": 0.9935311675071716, "batch/batch_step": 417595, "batch/learning_rate": 9.999999747378752e-05, "_timestamp": 1694256767.243605, "_runtime": 1686.9015619754791, "_step": 83599, "epoch/loss": 0.14893746376037598, "epoch/cross entropy": 0.14893746376037598, "epoch/accuracy": 0.9413366913795471, "epoch/precision": 0.9489403963088989, "epoch/recall": 0.9886676669120789, "epoch/auc": 0.9433753490447998, "epoch/prc": 0.9935305714607239, "epoch/val_loss": 0.19107915461063385, "epoch/val_cross entropy": 0.19107915461063385, "epoch/val_accuracy": 0.9025478959083557, "epoch/val_precision": 0.9838026165962219, "epoch/val_recall": 0.9137634634971619, "epoch/val_auc": 0.9083356261253357, "epoch/val_prc": 0.9960242509841919, "epoch/epoch": 79, "epoch/learning_rate": 9.999999747378752e-05, "_wandb": {"runtime": 1665}}