{"batch/loss": 0.19435542821884155, "batch/cross entropy": 0.19435542821884155, "batch/f1_score": 0.9538266658782959, "batch/accuracy": 0.9136677384376526, "batch/precision": 0.9256599545478821, "batch/recall": 0.9840629696846008, "batch/auc": 0.908441424369812, "batch/prc": 0.9899500608444214, "batch/batch_step": 27925, "batch/learning_rate": 9.999999747378752e-05, "_timestamp": 1695352136.191443, "_runtime": 169.4572958946228, "_step": 5606, "epoch/loss": 0.19435842335224152, "epoch/cross entropy": 0.19435842335224152, "epoch/f1_score": 0.953840434551239, "epoch/accuracy": 0.9136807322502136, "epoch/precision": 0.9256725311279297, "epoch/recall": 0.9840648770332336, "epoch/auc": 0.9084087014198303, "epoch/prc": 0.9899499416351318, "epoch/val_loss": 0.11678867042064667, "epoch/val_cross entropy": 0.11678867042064667, "epoch/val_f1_score": 0.981315553188324, "epoch/val_accuracy": 0.9635543823242188, "epoch/val_precision": 0.9654239416122437, "epoch/val_recall": 0.9979258179664612, "epoch/val_auc": 0.9134408831596375, "epoch/val_prc": 0.9964041709899902, "epoch/epoch": 20, "epoch/learning_rate": 9.999999747378752e-05, "_wandb": {"runtime": 170}}