{"batch/loss": 0.1495899111032486, "batch/cross entropy": 0.1495899111032486, "batch/f1_score": 0.9683844447135925, "batch/accuracy": 0.94145268201828, "batch/precision": 0.9476049542427063, "batch/recall": 0.9903567433357239, "batch/auc": 0.9432325959205627, "batch/prc": 0.9934362173080444, "batch/batch_step": 281875, "batch/learning_rate": 9.999999747378752e-05, "_timestamp": 1694253974.776465, "_runtime": 312.700306892395, "_step": 56429, "epoch/loss": 0.14959031343460083, "epoch/cross entropy": 0.14959031343460083, "epoch/f1_score": 0.9683839678764343, "epoch/accuracy": 0.9414520263671875, "epoch/precision": 0.9476048350334167, "epoch/recall": 0.9903562068939209, "epoch/auc": 0.9432309865951538, "epoch/prc": 0.9934360384941101, "epoch/val_loss": 0.12997375428676605, "epoch/val_cross entropy": 0.12997375428676605, "epoch/val_f1_score": 0.9794362187385559, "epoch/val_accuracy": 0.9600563645362854, "epoch/val_precision": 0.9669748544692993, "epoch/val_recall": 0.992379903793335, "epoch/val_auc": 0.9092915654182434, "epoch/val_prc": 0.9960519075393677, "epoch/epoch": 53, "epoch/learning_rate": 9.999999747378752e-05, "_wandb": {"runtime": 311}}