{"batch/loss": 0.14741292595863342, "batch/cross entropy": 0.14741292595863342, "batch/f1_score": 0.9691082835197449, "batch/accuracy": 0.9428426623344421, "batch/precision": 0.949021577835083, "batch/recall": 0.9903237819671631, "batch/auc": 0.9436919689178467, "batch/prc": 0.9936241507530212, "batch/batch_step": 370615, "batch/learning_rate": 9.999999747378752e-05, "_timestamp": 1694277224.945593, "_runtime": 1641.3855731487274, "_step": 74194, "epoch/loss": 0.14741173386573792, "epoch/cross entropy": 0.14741173386573792, "epoch/f1_score": 0.9691089987754822, "epoch/accuracy": 0.9428433179855347, "epoch/precision": 0.9490228891372681, "epoch/recall": 0.9903233051300049, "epoch/auc": 0.9436914920806885, "epoch/prc": 0.9936243891716003, "epoch/val_loss": 0.240064799785614, "epoch/val_cross entropy": 0.240064799785614, "epoch/val_f1_score": 0.9297085404396057, "epoch/val_accuracy": 0.8727482557296753, "epoch/val_precision": 0.987917423248291, "epoch/val_recall": 0.8784930109977722, "epoch/val_auc": 0.9034476280212402, "epoch/val_prc": 0.9958378672599792, "epoch/epoch": 70, "epoch/learning_rate": 9.999999747378752e-05, "_wandb": {"runtime": 1642}}