{"batch/loss": 0.21041284501552582, "batch/accuracy": 0.907589852809906, "batch/batch_step": 147435, "batch/learning_rate": 0.0010000000474974513, "_timestamp": 1694536716.460408, "_runtime": 303.10221791267395, "_step": 29584, "epoch/loss": 0.21046806871891022, "epoch/accuracy": 0.9075706601142883, "epoch/val_loss": 0.15532812476158142, "epoch/val_accuracy": 0.9351416230201721, "epoch/epoch": 96, "epoch/learning_rate": 0.0010000000474974513, "_wandb": {"runtime": 301}}