{"batch/loss": 0.1503017544746399, "batch/cross entropy": 0.1503017544746399, "batch/accuracy": 0.9405704736709595, "batch/precision": 0.9486240744590759, "batch/recall": 0.9881440997123718, "batch/auc": 0.9428762793540955, "batch/prc": 0.9934942126274109, "batch/batch_step": 417595, "batch/learning_rate": 9.999999747378752e-05, "_timestamp": 1694251090.721756, "_runtime": 647.449963092804, "_step": 83599, "epoch/loss": 0.1503060907125473, "epoch/cross entropy": 0.1503060907125473, "epoch/accuracy": 0.9405669569969177, "epoch/precision": 0.9486191272735596, "epoch/recall": 0.9881454706192017, "epoch/auc": 0.942876935005188, "epoch/prc": 0.9934940338134766, "epoch/val_loss": 0.17772839963436127, "epoch/val_cross entropy": 0.17772839963436127, "epoch/val_accuracy": 0.9168848395347595, "epoch/val_precision": 0.9807286262512207, "epoch/val_recall": 0.9319319128990173, "epoch/val_auc": 0.9042899012565613, "epoch/val_prc": 0.9958254098892212, "epoch/epoch": 79, "epoch/learning_rate": 9.999999747378752e-05, "_wandb": {"runtime": 647}}