{"batch/loss": 0.1776423454284668, "batch/cross entropy": 0.1776423454284668, "batch/f1_score": 0.9564053416252136, "batch/accuracy": 0.9190705418586731, "batch/precision": 0.9339907765388489, "batch/recall": 0.9802595973014832, "batch/auc": 0.927153468132019, "batch/prc": 0.9921060800552368, "batch/batch_step": 183535, "batch/learning_rate": 0.0010000000474974513, "_timestamp": 1694969813.4559119, "_runtime": 1095.079607963562, "_step": 36845, "epoch/loss": 0.1776377409696579, "epoch/cross entropy": 0.1776377409696579, "epoch/f1_score": 0.9564002752304077, "epoch/accuracy": 0.919063925743103, "epoch/precision": 0.9339784383773804, "epoch/recall": 0.9802637696266174, "epoch/auc": 0.9271919131278992, "epoch/prc": 0.9921083450317383, "epoch/val_loss": 0.12104033678770065, "epoch/val_cross entropy": 0.12104033678770065, "epoch/val_f1_score": 0.9799846410751343, "epoch/val_accuracy": 0.9611352682113647, "epoch/val_precision": 0.9684755802154541, "epoch/val_recall": 0.9919648170471191, "epoch/val_auc": 0.9127556085586548, "epoch/val_prc": 0.9963690042495728, "epoch/epoch": 137, "epoch/learning_rate": 0.0010000000474974513, "_wandb": {"runtime": 1094}}