{"batch/loss": 0.15910570323467255, "batch/cross entropy": 0.15910570323467255, "batch/f1_score": 0.9662741422653198, "batch/accuracy": 0.9373202919960022, "batch/precision": 0.9424331784248352, "batch/recall": 0.9916236996650696, "batch/auc": 0.9332011938095093, "batch/prc": 0.992355227470398, "batch/batch_step": 161815, "batch/learning_rate": 0.0010000000474974513, "_timestamp": 1694263646.711715, "_runtime": 1959.507534980774, "_step": 32394, "epoch/loss": 0.1591017097234726, "epoch/cross entropy": 0.1591017097234726, "epoch/f1_score": 0.9662728309631348, "epoch/accuracy": 0.9373186230659485, "epoch/precision": 0.9424322247505188, "epoch/recall": 0.991623044013977, "epoch/auc": 0.9332049489021301, "epoch/prc": 0.99235600233078, "epoch/val_loss": 0.1130981594324112, "epoch/val_cross entropy": 0.1130981594324112, "epoch/val_f1_score": 0.9806603193283081, "epoch/val_accuracy": 0.962241530418396, "epoch/val_precision": 0.96363365650177, "epoch/val_recall": 0.9984379410743713, "epoch/val_auc": 0.9102246761322021, "epoch/val_prc": 0.9960880279541016, "epoch/epoch": 30, "epoch/learning_rate": 0.0010000000474974513, "_wandb": {"runtime": 1963}}