{"batch/loss": 0.15995679795742035, "batch/cross entropy": 0.15995679795742035, "batch/f1_score": 0.9657517671585083, "batch/accuracy": 0.9363751411437988, "batch/precision": 0.9425234794616699, "batch/recall": 0.9904094934463501, "batch/auc": 0.9331782460212708, "batch/prc": 0.9923430681228638, "batch/batch_step": 167035, "batch/learning_rate": 0.0010000000474974513, "_timestamp": 1694260996.301033, "_runtime": 720.7234609127045, "_step": 33439, "epoch/loss": 0.15996602177619934, "epoch/cross entropy": 0.15996602177619934, "epoch/f1_score": 0.9657490849494934, "epoch/accuracy": 0.9363721013069153, "epoch/precision": 0.9425208568572998, "epoch/recall": 0.9904089570045471, "epoch/auc": 0.9331699013710022, "epoch/prc": 0.9923418760299683, "epoch/val_loss": 0.11284054815769196, "epoch/val_cross entropy": 0.11284054815769196, "epoch/val_f1_score": 0.9805975556373596, "epoch/val_accuracy": 0.9621195197105408, "epoch/val_precision": 0.9635105729103088, "epoch/val_recall": 0.9984437227249146, "epoch/val_auc": 0.9090368151664734, "epoch/val_prc": 0.995956301689148, "epoch/epoch": 31, "epoch/learning_rate": 0.0010000000474974513, "_wandb": {"runtime": 724}}