{"batch/loss": 0.21732686460018158, "batch/cross entropy": 0.21732686460018158, "batch/accuracy": 0.9184489250183105, "batch/precision": 0.9271948933601379, "batch/recall": 0.9878706932067871, "batch/auc": 0.869418740272522, "batch/prc": 0.9827868342399597, "batch/batch_step": 33540, "batch/learning_rate": 9.999999747378752e-05, "_timestamp": 1694248506.964381, "_runtime": 323.9711790084839, "_step": 6714, "epoch/loss": 0.2201201617717743, "epoch/cross entropy": 0.2201201617717743, "epoch/accuracy": 0.9172804355621338, "epoch/precision": 0.9250620007514954, "epoch/recall": 0.9891371726989746, "epoch/auc": 0.8648185729980469, "epoch/prc": 0.9822296500205994, "epoch/val_loss": 0.1893230527639389, "epoch/val_cross entropy": 0.1893230527639389, "epoch/val_accuracy": 0.954554557800293, "epoch/val_precision": 0.9672489762306213, "epoch/val_recall": 0.986160397529602, "epoch/val_auc": 0.8388208746910095, "epoch/val_prc": 0.9918228983879089, "epoch/epoch": 5, "epoch/learning_rate": 9.999999747378752e-05, "_wandb": {"runtime": 66}}