{"batch/loss": 0.15198376774787903, "batch/cross entropy": 0.15198376774787903, "batch/f1_score": 0.9678406715393066, "batch/accuracy": 0.94038325548172, "batch/precision": 0.9465451836585999, "batch/recall": 0.9903501272201538, "batch/auc": 0.9395094513893127, "batch/prc": 0.9930717349052429, "batch/batch_step": 167035, "batch/learning_rate": 9.999999747378752e-05, "_timestamp": 1694291679.2491798, "_runtime": 13914.910992860794, "_step": 33439, "epoch/loss": 0.1519824117422104, "epoch/cross entropy": 0.1519824117422104, "epoch/f1_score": 0.9678416848182678, "epoch/accuracy": 0.9403842091560364, "epoch/precision": 0.9465453028678894, "epoch/recall": 0.9903512597084045, "epoch/auc": 0.9395100474357605, "epoch/prc": 0.9930720329284668, "epoch/val_loss": 0.11353656649589539, "epoch/val_cross entropy": 0.11353656649589539, "epoch/val_f1_score": 0.9805595278739929, "epoch/val_accuracy": 0.9620696306228638, "epoch/val_precision": 0.9639991521835327, "epoch/val_recall": 0.9978442192077637, "epoch/val_auc": 0.9107257723808289, "epoch/val_prc": 0.9960671663284302, "epoch/epoch": 31, "epoch/learning_rate": 9.999999747378752e-05, "_wandb": {"runtime": 13924}}