{"batch/loss": 0.23027272522449493, "batch/cross entropy": 0.23027272522449493, "batch/f1_score": 0.954742968082428, "batch/accuracy": 0.9150585532188416, "batch/precision": 0.9229324460029602, "batch/recall": 0.989162266254425, "batch/auc": 0.8437498807907104, "batch/prc": 0.9791871309280396, "batch/batch_step": 20875, "batch/learning_rate": 9.999999747378752e-05, "_timestamp": 1694277732.726448, "_runtime": 140.72446298599243, "_step": 4179, "epoch/loss": 0.23026905953884125, "epoch/cross entropy": 0.23026905953884125, "epoch/f1_score": 0.9547452330589294, "epoch/accuracy": 0.9150609970092773, "epoch/precision": 0.9229338765144348, "epoch/recall": 0.9891635179519653, "epoch/auc": 0.8437535762786865, "epoch/prc": 0.9791884422302246, "epoch/val_loss": 0.17025485634803772, "epoch/val_cross entropy": 0.17025485634803772, "epoch/val_f1_score": 0.9692938327789307, "epoch/val_accuracy": 0.9411771297454834, "epoch/val_precision": 0.9702407717704773, "epoch/val_recall": 0.9685741662979126, "epoch/val_auc": 0.8352771401405334, "epoch/val_prc": 0.9916620850563049, "epoch/epoch": 3, "epoch/learning_rate": 9.999999747378752e-05}