{"batch/loss": 0.1807224154472351, "batch/cross entropy": 0.1807224154472351, "batch/f1_score": 0.9562631249427795, "batch/accuracy": 0.9187111258506775, "batch/precision": 0.9328966736793518, "batch/recall": 0.981160581111908, "batch/auc": 0.9235413074493408, "batch/prc": 0.9917100071907043, "batch/batch_step": 46545, "batch/learning_rate": 0.0010000000474974513, "_timestamp": 1695351527.698873, "_runtime": 276.3781580924988, "_step": 9344, "epoch/loss": 0.18073312938213348, "epoch/cross entropy": 0.18073312938213348, "epoch/f1_score": 0.9562497138977051, "epoch/accuracy": 0.9186878204345703, "epoch/precision": 0.9328641891479492, "epoch/recall": 0.981168806552887, "epoch/auc": 0.923572838306427, "epoch/prc": 0.991710901260376, "epoch/val_loss": 0.121202751994133, "epoch/val_cross entropy": 0.121202751994133, "epoch/val_f1_score": 0.9795657396316528, "epoch/val_accuracy": 0.9603625535964966, "epoch/val_precision": 0.9690340161323547, "epoch/val_recall": 0.9905267953872681, "epoch/val_auc": 0.9136789441108704, "epoch/val_prc": 0.9964064359664917, "epoch/epoch": 34, "epoch/learning_rate": 0.0010000000474974513, "_wandb": {"runtime": 277}}