{"batch/loss": 0.17203062772750854, "batch/cross entropy": 0.17203062772750854, "batch/f1_score": 0.9616538286209106, "batch/accuracy": 0.9290030002593994, "batch/precision": 0.9412024617195129, "batch/recall": 0.9833332300186157, "batch/auc": 0.9295257329940796, "batch/prc": 0.9920138120651245, "batch/batch_step": 417595, "batch/learning_rate": 9.999999747378752e-05, "_timestamp": 1694258701.2778392, "_runtime": 1514.3621780872345, "_step": 83599, "epoch/loss": 0.17203226685523987, "epoch/cross entropy": 0.17203226685523987, "epoch/f1_score": 0.9616518020629883, "epoch/accuracy": 0.9290007948875427, "epoch/precision": 0.9411983489990234, "epoch/recall": 0.9833350777626038, "epoch/auc": 0.9295287132263184, "epoch/prc": 0.992013692855835, "epoch/val_loss": 0.1824367195367813, "epoch/val_cross entropy": 0.1824367195367813, "epoch/val_f1_score": 0.960111141204834, "epoch/val_accuracy": 0.9250210523605347, "epoch/val_precision": 0.9796470403671265, "epoch/val_recall": 0.9416385889053345, "epoch/val_auc": 0.9082071185112, "epoch/val_prc": 0.9960052371025085, "epoch/epoch": 79, "epoch/learning_rate": 9.999999747378752e-05, "_wandb": {"runtime": 1516}}