{"batch/loss": 0.14665573835372925, "batch/cross entropy": 0.14665573835372925, "batch/accuracy": 0.9426553845405579, "batch/precision": 0.9482824206352234, "batch/recall": 0.9909663200378418, "batch/auc": 0.9451202154159546, "batch/prc": 0.9937485456466675, "batch/batch_step": 417595, "batch/learning_rate": 9.999999747378752e-05, "_timestamp": 1694249727.702396, "_runtime": 1185.447093963623, "_step": 83599, "epoch/loss": 0.14665208756923676, "epoch/cross entropy": 0.14665208756923676, "epoch/accuracy": 0.9426591396331787, "epoch/precision": 0.9482853412628174, "epoch/recall": 0.9909673929214478, "epoch/auc": 0.9451197385787964, "epoch/prc": 0.9937485456466675, "epoch/val_loss": 0.20975439250469208, "epoch/val_cross entropy": 0.20975439250469208, "epoch/val_accuracy": 0.9012778401374817, "epoch/val_precision": 0.9841526746749878, "epoch/val_recall": 0.9120861291885376, "epoch/val_auc": 0.9082205891609192, "epoch/val_prc": 0.9960271120071411, "epoch/epoch": 79, "epoch/learning_rate": 9.999999747378752e-05, "_wandb": {"runtime": 1185}}