{"batch/loss": 0.15155403316020966, "batch/cross entropy": 0.15155403316020966, "batch/f1_score": 0.9680423140525818, "batch/accuracy": 0.9407906532287598, "batch/precision": 0.947087824344635, "batch/recall": 0.9901903867721558, "batch/auc": 0.9407355785369873, "batch/prc": 0.9932520389556885, "batch/batch_step": 193135, "batch/learning_rate": 9.999999747378752e-05, "_timestamp": 1694270730.698115, "_runtime": 909.8025720119476, "_step": 38664, "epoch/loss": 0.15155746042728424, "epoch/cross entropy": 0.15155746042728424, "epoch/f1_score": 0.9680414795875549, "epoch/accuracy": 0.940790057182312, "epoch/precision": 0.947085976600647, "epoch/recall": 0.9901915192604065, "epoch/auc": 0.9407362341880798, "epoch/prc": 0.993251621723175, "epoch/val_loss": 0.11422860622406006, "epoch/val_cross entropy": 0.11422860622406006, "epoch/val_f1_score": 0.9804540872573853, "epoch/val_accuracy": 0.9618921279907227, "epoch/val_precision": 0.9645360708236694, "epoch/val_recall": 0.9970545768737793, "epoch/val_auc": 0.9113717079162598, "epoch/val_prc": 0.9961455464363098, "epoch/epoch": 36, "epoch/learning_rate": 9.999999747378752e-05, "_wandb": {"runtime": 912}}