{"batch/loss": 0.2127782702445984, "batch/accuracy": 0.9079042077064514, "batch/batch_step": 179355, "batch/learning_rate": 0.0010000000474974513, "_timestamp": 1694534441.203352, "_runtime": 478.2107880115509, "_step": 38124, "epoch/loss": 0.21271288394927979, "epoch/accuracy": 0.9079151749610901, "epoch/val_loss": 0.1626964658498764, "epoch/val_accuracy": 0.9364930391311646, "epoch/epoch": 117, "epoch/learning_rate": 0.0010000000474974513, "_wandb": {"runtime": 383}}