{"batch/loss": 0.1456884890794754, "batch/cross entropy": 0.1456884890794754, "batch/f1_score": 0.9691495299339294, "batch/accuracy": 0.9430043697357178, "batch/precision": 0.9501674175262451, "batch/recall": 0.9891836643218994, "batch/auc": 0.9461939930915833, "batch/prc": 0.9938641786575317, "batch/batch_step": 417595, "batch/learning_rate": 9.999999747378752e-05, "_timestamp": 1694254612.1248891, "_runtime": 459.84463906288147, "_step": 83599, "epoch/loss": 0.14568263292312622, "epoch/cross entropy": 0.14568263292312622, "epoch/f1_score": 0.9691514372825623, "epoch/accuracy": 0.9430065751075745, "epoch/precision": 0.9501699209213257, "epoch/recall": 0.9891833066940308, "epoch/auc": 0.9461984634399414, "epoch/prc": 0.9938646554946899, "epoch/val_loss": 0.1336759328842163, "epoch/val_cross entropy": 0.1336759328842163, "epoch/val_f1_score": 0.9766077399253845, "epoch/val_accuracy": 0.9548484683036804, "epoch/val_precision": 0.9701337814331055, "epoch/val_recall": 0.9833475351333618, "epoch/val_auc": 0.9101113677024841, "epoch/val_prc": 0.9961034059524536, "epoch/epoch": 79, "epoch/learning_rate": 9.999999747378752e-05, "_wandb": {"runtime": 460}}